case,globalVid,duration,startTime,stopTime,duration_s
baseline,281474976710656,802930790,748447332989,749250263779,0.80293079
mod,281474976710656,750450667,730385749727,731136200394,0.750450667
baseline-const,281474976710656,706109237,727427213200,728133322437,0.706109237
baseline-none,281474976710656,635113033,769616200811,770251313844,0.635113033
