{
  "speedup_pct": -22.3364940983235,
  "baseline": {
    "globalVid": 281474976710656,
    "duration": 704756182,
    "startTime": 757783357462,
    "stopTime": 758488113644,
    "duration_s": 0.704756182
  },
  "mod": {
    "globalVid": 281474976710656,
    "duration": 862174005,
    "startTime": 767943404271,
    "stopTime": 768805578276,
    "duration_s": 0.862174005
  }
}