{
  "speedup_pct": -3.7607407606961685,
  "baseline": {
    "globalVid": 281474976710656,
    "duration": 704756182,
    "startTime": 757783357462,
    "stopTime": 758488113644,
    "duration_s": 0.704756182
  },
  "mod": {
    "globalVid": 281474976710656,
    "duration": 731260235,
    "startTime": 763321609505,
    "stopTime": 764052869740,
    "duration_s": 0.731260235
  }
}