case,globalVid,duration,startTime,stopTime,duration_s
baseline,281474976710656,732086525,803628639675,804360726200,0.732086525
mod,281474976710656,741010929,782914326093,783655337022,0.741010929
baseline-const,281474976710656,670955045,751829155013,752500110058,0.670955045
baseline-none,281474976710656,621599494,738812593460,739434192954,0.621599494
mod-const,281474976710656,620569639,760678509082,761299078721,0.620569639
