case,globalVid,duration,startTime,stopTime,duration_s
baseline-const,281474976710656,652205567,711678723547,712330929114,0.652205567
baseline-none,281474976710656,654126484,744567277176,745221403660,0.654126484
mod-const,281474976710656,640541711,731761141359,732401683070,0.640541711
