case,globalVid,duration,startTime,stopTime,duration_s
baseline-const,281474976710656,670955045,751829155013,752500110058,0.670955045
baseline-none,281474976710656,621599494,738812593460,739434192954,0.621599494
mod-const,281474976710656,653720964,716488118089,717141839053,0.653720964
