case,globalVid,duration,startTime,stopTime,duration_s
baseline,281474976710656,704756182,757783357462,758488113644,0.704756182
mod,281474976710656,731260235,763321609505,764052869740,0.731260235
baseline-const,281474976710656,640998655,765845072537,766486071192,0.640998655
